Timestamp,Hostname,Pathname,Views,Uniques
2021-09-16 06:38:00,https://oldmuseum-kgiws9pkl-unitof.vercel.app,/,1,1
2021-09-16 10:49:00,https://old.museum,/,1,1
2021-09-16 10:54:00,https://old.museum,/,1,1
2021-09-16 10:57:00,https://old.museum,/,1,1
2021-09-21 14:59:00,https://old.museum,/,1,1
2021-09-22 03:52:00,https://old.museum,/,1,1
2021-09-23 09:09:00,https://bigbanger.jacobford.com,/,1,1
2021-09-24 03:34:00,https://old.museum,/,1,1
2021-09-24 04:20:00,https://old.museum,/,1,1
2021-09-26 00:06:00,https://old.museum,/,1,1
2021-09-27 22:30:00,https://old.museum,/,1,1
2021-09-29 21:52:00,https://bigbanger.jacobford.com,/,1,1
2021-10-01 19:38:00,https://bigbanger.jacobford.com,/,1,1
2021-10-03 11:37:00,https://old.museum,/,1,1
2021-10-03 11:38:00,https://old.museum,/,1,1
2021-10-03 11:39:00,https://old.museum,/,1,1
2021-10-07 01:30:00,https://old.museum,/,1,1
2021-10-11 10:46:00,https://old.museum,/,1,1
2021-10-11 13:51:00,https://old.museum,/,1,1
2021-11-06 04:49:00,https://old.museum,/,2,1
2021-11-06 18:27:00,https://old.museum,/,1,1
2021-11-12 15:20:00,https://old.museum,/,1,1
2021-11-12 19:10:00,https://old.museum,/,1,1
2021-11-12 19:12:00,https://old.museum,/,1,1
2021-11-12 19:17:00,https://old.museum,/,1,1
2021-11-16 07:07:00,https://old.museum,/,1,1
2021-11-23 19:24:00,https://old.museum,/,1,1
2021-11-23 19:31:00,https://old.museum,/,1,1
2021-11-26 08:17:00,https://old.museum,/,3,1
2021-11-26 14:00:00,https://old.museum,/,1,1
2021-11-26 14:11:00,https://old.museum,/,1,1
2021-11-26 14:13:00,https://old.museum,/,1,1
2021-11-27 02:48:00,https://old.museum,/,4,4
2021-11-27 13:46:00,https://old.museum,/,1,1
2021-11-27 13:47:00,https://old.museum,/,2,2
2021-11-27 13:49:00,https://old.museum,/,2,2
2021-11-27 13:50:00,https://old.museum,/,2,2
2021-11-27 21:00:00,https://old.museum,/,1,1
2021-11-27 21:04:00,https://old.museum,/,1,0
2021-11-28 07:42:00,https://old.museum,/,1,1
2021-11-29 06:37:00,https://old.museum,/,1,1
2021-11-29 06:43:00,https://old.museum,/,1,1
2021-11-29 10:46:00,https://old.museum,/,1,1
2021-11-30 09:38:00,https://old.museum,/,2,1
2021-11-30 09:42:00,https://old.museum,/,2,2
2021-12-01 04:04:00,https://old.museum,/,1,1
2021-12-01 06:07:00,https://old.museum,/,1,1
2021-12-01 07:26:00,https://old.museum,/,1,1
2021-12-01 10:50:00,https://old.museum,/,1,1
2021-12-01 10:51:00,https://old.museum,/,1,0
2021-12-03 03:29:00,https://old.museum,/,1,1
2021-12-03 08:08:00,https://old.museum,/,1,1
2021-12-05 03:22:00,https://old.museum,/,1,1
2021-12-05 03:23:00,https://old.museum,/,1,0
2021-12-05 04:13:00,https://old.museum,/,1,1
2021-12-06 12:55:00,https://old.museum,/,1,1
2021-12-07 20:09:00,https://old.museum,/,1,1
2021-12-15 10:04:00,https://old.museum,/,1,1
2021-12-18 05:24:00,https://old.museum,/,1,1
2021-12-24 05:24:00,https://old.museum,/,1,1
2021-12-24 10:11:00,https://old.museum,/,1,1
2021-12-25 04:46:00,https://old.museum,/,1,1
2021-12-26 00:25:00,https://old.museum,/,1,1
2021-12-26 23:07:00,https://old.museum,/,1,1
2021-12-28 07:34:00,https://old.museum,/,1,1
2021-12-28 07:44:00,https://old.museum,/,1,1
2021-12-28 07:45:00,https://old.museum,/,1,1
2021-12-29 12:01:00,https://old.museum,/,1,1
2021-12-29 12:04:00,https://old.museum,/,1,1
2021-12-29 12:21:00,https://old.museum,/,1,1
2021-12-31 14:28:00,https://old.museum,/,1,1
2021-12-31 14:31:00,https://old.museum,/,1,1
2021-12-31 14:57:00,https://old.museum,/,1,1
2022-01-03 05:43:00,https://old.museum,/,1,1
2022-01-03 05:44:00,https://old.museum,/,1,1
2022-01-03 13:52:00,https://old.museum,/,1,1
2022-01-03 17:01:00,https://old.museum,/,1,1
2022-01-03 23:33:00,https://old.museum,/,1,1
2022-01-06 02:45:00,https://old.museum,/,1,1
2022-01-07 11:17:00,https://old.museum,/,1,1
2022-01-07 13:56:00,https://old.museum,/,1,1
2022-01-15 02:03:00,https://old.museum,/,1,1
2022-01-16 05:36:00,https://old.museum,/,1,1
2022-01-17 00:39:00,https://old.museum,/,1,1
2022-01-18 20:39:00,https://old.museum,/,1,1
2022-01-23 23:45:00,https://old.museum,/,3,1
2022-01-24 03:00:00,https://old.museum,/,3,1
2022-01-27 09:25:00,https://old.museum,/,1,1
2022-02-03 06:45:00,https://old.museum,/,1,1
2022-02-03 06:46:00,https://old.museum,/,1,0
2022-02-04 01:11:00,https://old.museum,/,1,1
2022-02-04 21:30:00,https://old.museum,/,1,1
2022-02-05 15:57:00,https://old.museum,/,1,1
2022-02-05 16:37:00,https://old.museum,/,1,1
2022-02-07 12:57:00,https://old.museum,/,1,1
2022-02-08 01:20:00,https://old.museum,/,1,1
2022-02-08 07:31:00,https://old.museum,/,1,1
2022-02-09 02:18:00,https://old.museum,/,1,1
2022-02-09 05:26:00,https://old.museum,/,1,0
2022-02-09 17:55:00,https://old.museum,/,1,1
2022-02-11 17:02:00,https://old.museum,/,1,1
2022-02-12 22:01:00,https://old.museum,/,1,1
2022-02-13 00:52:00,https://old.museum,/,1,1
2022-02-13 08:57:00,https://old.museum,/,1,0
2022-02-13 18:15:00,https://old.museum,/,1,1
2022-02-14 06:21:00,https://old.museum,/,1,1
2022-02-14 20:36:00,https://old.museum,/,2,1
2022-02-15 01:24:00,https://old.museum,/,1,1
2022-02-15 17:25:00,https://old.museum,/,1,1
2022-02-16 07:17:00,https://old.museum,/,1,1
2022-02-17 10:47:00,https://old.museum,/,1,1
2022-02-17 22:43:00,https://old.museum,/,2,1
2022-02-18 21:14:00,https://old.museum,/,1,1
2022-02-19 21:42:00,https://old.museum,/,1,1
2022-02-21 02:51:00,https://old.museum,/,1,1
2022-02-22 10:00:00,https://old.museum,/,2,1
2022-02-22 17:15:00,https://old.museum,/,1,1
2022-02-23 22:58:00,https://old.museum,/,1,1
2022-02-25 11:11:00,https://old.museum,/,1,1
2022-02-26 22:42:00,https://old.museum,/,1,1
2022-02-27 16:02:00,https://old.museum,/,1,1
2022-02-28 18:11:00,https://old.museum,/,1,1
2022-03-01 01:51:00,https://old.museum,/,1,1
2022-03-02 23:37:00,https://old.museum,/,1,1
2022-03-04 01:54:00,https://old.museum,/,1,1
2022-03-05 11:38:00,https://old.museum,/,1,1
2022-03-06 17:15:00,https://old.museum,/,1,1
2022-03-07 10:03:00,https://old.museum,/,2,1
2022-03-08 03:36:00,https://old.museum,/,1,1
2022-03-11 06:08:00,https://old.museum,/,1,1
2022-03-11 11:25:00,https://old.museum,/,1,1
2022-03-11 14:11:00,https://old.museum,/,1,1
2022-03-13 22:19:00,https://old.museum,/,1,1
2022-03-14 18:02:00,https://old.museum,/,3,1
2022-03-17 21:48:00,https://old.museum,/,1,1
2022-03-18 22:44:00,https://old.museum,/,1,1
2022-03-19 20:31:00,https://old.museum,/,1,1
2022-03-20 14:53:00,https://old.museum,/,1,1
2022-03-21 05:17:00,https://old.museum,/,1,1
2022-03-22 20:30:00,https://old.museum,/,1,1
2022-03-25 03:31:00,https://old.museum,/,1,1
2022-03-25 04:35:00,https://old.museum,/,1,1
2022-03-25 14:14:00,https://old.museum,/,1,1
2022-03-26 12:45:00,https://old.museum,/,1,1
2022-03-27 08:16:00,https://old.museum,/,1,1
2022-03-27 08:19:00,https://old.museum,/,1,1
2022-03-27 14:51:00,https://old.museum,/,1,1
2022-03-27 21:27:00,https://old.museum,/,1,1
2022-03-28 00:57:00,https://old.museum,/,1,1
2022-03-28 03:07:00,https://old.museum,/,1,1
2022-03-29 16:32:00,https://old.museum,/,1,1
2022-03-30 02:56:00,https://old.museum,/,1,1
2022-03-30 16:24:00,https://old.museum,/,1,1
2022-03-31 02:13:00,https://old.museum,/,1,1
2022-03-31 07:30:00,https://old.museum,/,1,1
2022-04-02 19:21:00,https://old.museum,/,1,1
2022-04-04 08:57:00,https://old.museum,/,1,1
2022-04-04 14:44:00,https://old.museum,/,1,1
2022-04-05 12:11:00,https://old.museum,/,1,1
2022-04-05 13:42:00,https://old.museum,/,1,1
2022-04-08 01:33:00,https://old.museum,/,1,1
2022-04-08 17:47:00,https://old.museum,/,1,1
2022-04-10 19:03:00,https://old.museum,/,1,1
2022-04-10 19:15:00,https://old.museum,/,1,1
2022-04-13 01:52:00,https://old.museum,/,1,1
2022-04-13 01:53:00,https://old.museum,/,1,1
2022-04-13 07:39:00,https://old.museum,/,1,1
2022-04-14 09:48:00,https://old.museum,/,1,1
2022-04-15 22:07:00,https://old.museum,/,1,1
2022-04-18 13:47:00,https://old.museum,/,1,1
2022-04-19 18:50:00,https://old.museum,/,1,1
2022-04-20 16:16:00,https://old.museum,/,1,1
2022-04-21 16:10:00,https://old.museum,/,1,1
2022-04-22 00:22:00,https://old.museum,/,1,1
2022-04-22 04:37:00,https://old.museum,/,1,1
2022-04-22 05:53:00,https://old.museum,/,1,1
2022-04-23 17:43:00,https://old.museum,/,2,2
2022-04-24 05:42:00,https://old.museum,/,1,1
2022-04-25 04:32:00,https://old.museum,/,1,1
2022-04-25 14:57:00,https://old.museum,/,1,1
2022-04-26 11:02:00,https://old.museum,/,1,1
2022-04-28 20:08:00,https://old.museum,/,1,1
2022-04-30 18:39:00,https://old.museum,/,1,1
2022-05-01 07:11:00,https://old.museum,/,1,1
2022-05-01 16:16:00,https://old.museum,/,1,1
2022-05-02 01:27:00,https://old.museum,/,1,1
2022-05-02 13:38:00,https://old.museum,/,1,1
2022-05-04 05:46:00,https://old.museum,/,1,1
2022-05-04 09:15:00,https://old.museum,/,1,1
2022-05-05 06:36:00,https://old.museum,/,1,1
2022-05-05 15:09:00,https://old.museum,/,1,1
2022-05-06 18:41:00,https://old.museum,/,1,1
2022-05-07 04:07:00,https://old.museum,/,1,1
2022-05-07 16:19:00,https://old.museum,/,1,1
2022-05-08 00:45:00,https://old.museum,/,1,1
2022-05-08 21:49:00,https://old.museum,/,1,1
2022-05-09 03:08:00,https://old.museum,/,1,1
2022-05-09 08:41:00,https://old.museum,/,1,1
2022-05-10 11:54:00,https://old.museum,/,1,1
2022-05-11 00:22:00,https://old.museum,/,1,1
2022-05-12 11:28:00,https://old.museum,/,1,1
2022-05-12 20:25:00,https://old.museum,/,1,1
2022-05-13 04:38:00,https://old.museum,/,1,1
2022-05-14 03:10:00,https://old.museum,/,1,1
2022-05-15 04:56:00,https://old.museum,/,1,1
2022-05-15 06:09:00,https://old.museum,/,1,1
2022-05-15 11:22:00,https://old.museum,/,1,0
2022-05-16 20:30:00,https://old.museum,/,1,1
2022-05-16 21:03:00,https://old.museum,/,1,1
2022-05-18 04:37:00,https://old.museum,/,1,1
2022-05-18 06:48:00,https://old.museum,/,1,1
2022-05-18 07:41:00,https://old.museum,/,1,1
2022-05-19 15:10:00,https://old.museum,/,1,1
2022-05-20 04:22:00,https://old.museum,/,1,1
2022-05-21 04:42:00,https://old.museum,/,1,1
2022-05-21 09:06:00,https://old.museum,/,1,1
2022-05-22 02:05:00,https://old.museum,/,1,1
2022-05-22 13:37:00,https://old.museum,/,1,1
2022-05-23 20:06:00,https://old.museum,/,1,1
2022-05-25 01:38:00,https://old.museum,/,1,1
2022-05-25 14:39:00,https://old.museum,/,1,1
2022-05-26 04:23:00,https://old.museum,/,2,2
2022-05-26 04:24:00,https://old.museum,/,1,1
2022-05-27 08:49:00,https://old.museum,/,1,1
2022-05-28 04:14:00,https://old.museum,/,1,1
2022-05-28 20:02:00,https://old.museum,/,1,1
2022-05-29 09:35:00,https://old.museum,/,1,1
2022-05-29 17:22:00,https://old.museum,/,1,1
2022-05-31 19:01:00,https://old.museum,/,1,1
2022-05-31 21:40:00,https://old.museum,/,1,1
2022-05-31 21:56:00,https://old.museum,/,1,1
2022-06-01 03:33:00,https://old.museum,/,2,1
2022-06-02 14:27:00,https://old.museum,/,1,1
2022-06-02 16:21:00,https://old.museum,/,1,1
2022-06-03 19:21:00,https://old.museum,/,1,1
2022-06-04 01:24:00,https://old.museum,/,1,1
2022-06-06 16:51:00,https://old.museum,/,1,1
2022-06-07 08:05:00,https://old.museum,/,1,1
2022-06-07 20:53:00,https://old.museum,/,1,1
2022-06-07 23:44:00,https://old.museum,/,1,1
2022-06-08 19:33:00,https://old.museum,/,1,1
2022-06-08 20:08:00,https://old.museum,/,1,1
2022-06-09 00:07:00,https://old.museum,/,1,1
2022-06-09 05:32:00,https://old.museum,/,1,1
2022-06-10 05:02:00,https://old.museum,/,1,1
2022-06-11 08:53:00,https://old.museum,/,1,1
2022-06-11 17:12:00,https://old.museum,/,1,1
2022-06-11 20:22:00,https://old.museum,/,1,1
2022-06-12 14:19:00,https://old.museum,/,1,1
2022-06-13 03:46:00,https://old.museum,/,1,1
2022-06-13 06:42:00,https://old.museum,/,1,1
2022-06-13 16:21:00,https://old.museum,/,1,1
2022-06-14 18:18:00,https://old.museum,/,1,1
2022-06-14 20:54:00,https://old.museum,/,1,1
2022-06-14 23:47:00,https://old.museum,/,1,1
2022-06-15 15:29:00,https://old.museum,/,1,1
2022-06-15 15:37:00,https://old.museum,/,1,1
2022-06-15 21:42:00,https://old.museum,/,1,1
2022-06-16 05:53:00,https://old.museum,/,1,1
2022-06-17 04:37:00,https://old.museum,/,1,1
2022-06-17 08:08:00,https://old.museum,/,1,1
2022-06-18 05:01:00,https://old.museum,/,1,1
2022-06-18 09:05:00,https://old.museum,/,1,1
2022-06-18 20:20:00,https://old.museum,/,1,1
2022-06-18 20:21:00,https://old.museum,/,2,1
